# First field is # dimensions of each datapoint, 2nd is gesture class, Next fields are raw time series in order t_f1[0], t_f2[0], t_f3[0] etc. where f1, f2, etc are features and [0] is time
1,1,0.0,
1,1,0.0,0.0,0.0,0.0,0.0,0.0,0.0,0.0,0.0,0.0,
1,1,0.0,0.0,0.0,0.0,0.0,0.0,0.0,0.0,0.0,0.0,0.0,0.0,0.0,0.0,0.0,0.0,0.0,0.0,0.0,0.0,0.0,0.0,0.0,0.0,0.0,0.0,0.0,
1,1,0.30986177921295166,0.9556488990783691,0.011760234832763672,0.07662796974182129,0.45265400409698486,0.075714111328125,0.9873830080032349,0.6153002977371216,0.8614513874053955,0.030499815940856934,0.5754818916320801,0.0037137269973754883,0.9492182731628418,0.4870798587799072,0.3371922969818115,0.343105673789978,0.8947614431381226,0.6505711078643799,0.002413153648376465,0.21886134147644043,0.713085412979126,0.06454944610595703,0.20956766605377197,0.07246387004852295,0.2644686698913574,0.2021791934967041,0.6631234884262085,
1,1,0.44440746307373047,1.8702988624572754,0.7244319915771484,1.5575907230377197,0.37147068977355957,0.6306102275848389,1.1559669971466064,0.47025275230407715,1.861922264099121,0.4300868511199951,1.509303092956543,1.1114614009857178,0.625645637512207,0.8000931739807129,1.7008695602416992,0.9142177104949951,1.2949368953704834,1.0413141250610352,0.3446328639984131,
1,2,0.07462888956069946,0.026966463774442673,0.09923098981380463,0.011236393824219704,0.08522071689367294,0.08347199112176895,0.007097792811691761,0.08499505370855331,0.0638539046049118,0.06686592102050781,0.07392033189535141,0.04302135854959488,0.027287017554044724,0.004510724451392889,0.09058406203985214,0.05727658420801163,0.08025703579187393,0.0961088314652443,0.057142652571201324,0.07444296777248383,0.0011622667079791427,0.09280642122030258,
